itemid,liked,name,price_max,price_min,shopid,status,stock
15403499273.0,0.0,"Bomber, √°o kho√°c, √°o gi√≥ 2 l·ªõp in ch≈© Kami form r·ªông phong c√°ch ulzzang",168000.0,33600.0,69779005.0,1.0,89738.0
5534563084.0,0.0,"B·ªô ƒêi Bi·ªÉn TURATY Cho C·∫∑p ƒê√¥i, ƒê·ªôi Nh√≥m, C√¥ng Ty, Gia ƒê√¨nh Ch·∫•t V·∫£i Lanh M√°t C·ª±c ƒê·∫πp Tem M√°c ƒê·∫ßy ƒê·ªß X·ªãn X√≤ M·ªõi Nh·∫•t 2021",79000.0,55000.0,201461557.0,1.0,272.0
1235348097.0,0.0,[Full Size] AÃÅo vest nam body ki√™Ãâu HaÃÄn Qu√¥ÃÅc ƒë∆°n gi·∫£n phong c√°ch,300000.0,300000.0,67316437.0,1.0,6731.0
6265685401.0,0.0,"√Åo kho√°c d√π in h√¨nh SEA BAE d√†nh cho nam n·ªØ cho c·∫∑p ƒë√¥i c√≥ 2 m√†u, jacket form r·ªông ph√¥ng c√°ch unisex XUKA SHOP",99000.0,99000.0,344837665.0,1.0,17215.0
5280175977.0,0.0,ViÃÅ Nam Da Th√¢Ã£t 100% | BoÃÅp Da Nam TƒÉÃ£ng KeÃÄm H√¥Ã£p Cao C√¢ÃÅp - VIITRON hhbt27,225000.0,225000.0,374432204.0,1.0,7225.0
4079827715.0,0.0,"√Åo ba l·ªó thun l·∫°nh, √°o tanktop t·∫≠p gym h√¨nh b√≥ng ch√†y - OMAN BL02",50000.0,50000.0,80719539.0,1.0,237.0
13430190821.0,0.0,Qu√¢ÃÄn niÃâ Bom uniex-Jogger tr∆°n caÃ£p chun,70000.0,70000.0,254400667.0,1.0,399543.0
7641350377.0,0.0,B·ªô ƒë·ªìng ph·ª•c th·ªÉ thao trung h·ªçc Fukurodani h√≥a trang nh√¢n v·∫≠t Akaashi/Keiji/Bokuto/Koutarou trong anime Haikyuu!!,297000.0,164900.0,254592742.0,1.0,8506.0
15104136566.0,0.0,"√Åo sweater, √°o n·ªâ c·ªï tr√≤n in h√¨nh c·∫≠u b√© nh·∫≠t b·ªïn d√°ng iu phong c√°ch ulzzang",153400.0,33040.0,69779005.0,1.0,89864.0
13643780374.0,0.0,"Combo 5 v·ªõ nam n·ªØ c·ªï ng·∫Øn, t·∫•t zara man co gi√£n ch·ªëng h·ªëi ch√¢n",38000.0,38000.0,180422132.0,1.0,2613.0
13244184328.0,0.0,√Åo swearer n·ªâ b√¥ng unisex form r·ªông ulzzang phong c√°ch street style AKN22 LECHAU H√†n Qu·ªëc hottrend ch·∫•t v·∫£i m·ªÅm m·ªãn x·ªãn,79000.0,18000.0,264280458.0,1.0,2717.0
12038368335.0,0.0,"Qu·∫ßn Jogger Nam Blentino BQN-18, Ch·∫•t N·ªâ Cotton Cao C·∫•p Co Gi√£n M·ªÅm M·∫°i, B·ªÅn M√†u, Kh√¥ng Bai X√π,Gi·ªØ Nhi·ªát",315000.0,315000.0,242019729.0,1.0,1.0
8896358917.0,0.0,√Åo Hoodie Nam N·ªØ Unisex Ch·∫•t N·ªâ B√¥ng D√†y DƒÉn Form Basic Phong C√°ch ulzzang H√†n Qu·ªëc Tr·∫ª Trung,300000.0,300000.0,258495613.0,1.0,2250.0
12840529091.0,0.0,"√Åo N·ªâ TƒÉm Ch·∫•t ƒê·∫πp C·ª±c D√†y Free Ship To√†n Qu·ªëc, √Åo N·ªâ Thu ƒê√¥ng In Ch·ªØ 3 M√†u Th·ªùi Trang",145000.0,145000.0,235661990.0,1.0,28.0
4755037954.0,0.0,B·ªô ng·ªß l·ª•a Pijama nam m√†u tr∆°n ch·∫•t si√™u ƒë·∫πp (H√†ng c√≥ s·∫µn),259000.0,259000.0,176993827.0,1.0,339.0
12928050348.0,0.0,"Qu·∫ßn l√≥t nam co d√£n m√†u ƒë·∫πp, qu·∫ßn s·ªãp nam ƒë√πi tam gi√°c ch·∫•t cotton th√¥ng h∆°i giao ng·∫´u nhi√™n m√†u",12000.0,12000.0,552385143.0,1.0,731.0
10671971708.0,0.0,"√Åo hoodie, √°o n·ªâ c√≥ m≈© form th·ª•ng chu·∫©n qu·∫£ng ch√¢u hot 2021",160000.0,32000.0,125427852.0,1.0,89794.0
13648898354.0,0.0,H·ªôp carton d√πng ƒë·ªÉ ƒë√≥ng h√†ng GENZ LocalBrand,50000.0,50000.0,60292492.0,1.0,9496.0
6272702484.0,0.0,ViÃÅ Nam Da Th√¢Ã£t 100% | BoÃÅp Da Nam TƒÉÃ£ng KeÃÄm H√¥Ã£p Cao C√¢ÃÅp | TB,285000.0,285000.0,360859859.0,1.0,1989.0
9047969796.0,0.0,"√Åo Thun Nam Ng·∫Øn Tay Guzado,Ch·∫•t Li·ªáu Cotton Chu·∫©n, Th·∫•m H√∫t C·ª±c T·ªët, H√†ng May K·ªπ, M·∫´u M·ªõi Nh·∫•t 2021  2021 GTS01",109000.0,109000.0,201774917.0,1.0,4.0
8910899347.0,0.0,S√©t 2 ƒë√¥i t·∫•t v·∫£i cotton tho√°ng kh√≠ th·∫•m h√∫t m·ªì h√¥i,20000.0,20000.0,43861671.0,1.0,7964.0
7748130153.0,0.0,"( PH√Å GI√Å H√ÄNG ƒê·∫∏P) QD Qu·∫ßn ƒë≈©i d√†i nam ƒë·∫πp , Ch·∫•t d·∫ßy d·∫∑n, Tho√°ng nh·∫π, M·ªÅm m√°t, Tho·∫£i m√°i su·ªët 4 m√πa!",99000.0,89000.0,272475487.0,1.0,69523.0
2794281118.0,0.0,Qu·∫ßn b·∫£o h·ªô t√∫i h·ªôp - M√†u ghi ƒë·∫≠m - SB22,80000.0,80000.0,164166222.0,1.0,56.0
10873181462.0,0.0,"ƒê·ªì B·ªô Nam Ph·ªëi C√°nh Tay X√°m, B·ªô N·ªâ Nam Cao C·∫•p M20  [Gi√° S·ªëc]",149640.0,149640.0,86929051.0,1.0,8992.0
13947568465.0,0.0,[M√£ LT50 gi·∫£m 50K ƒë∆°n 150K] √Åo Thu ƒê√¥ng Nam N·ªØ AZILA VIETNAM In HIPHOPBUP - Ch·∫•t Poly D√†y D·∫∑n - TD72,170000.0,170000.0,410924967.0,1.0,5676.0
14702065206.0,0.0,B·ªô N·ªâ Nam Thu ƒê√¥ng D√†i Tay 3 V·∫°ch M16  [Gi√° S·ªëc],149640.0,149640.0,86929051.0,1.0,8997.0
13952569818.0,0.0,B·ªô N·ªâ Nam Th√™u Logo B Ch·∫°y D√¢y Ph·ªëi C√°nh Tay Xanh. ƒê·ªì B·ªô Nam Cao C·∫•p M15  [Gi√° S·ªëc],149640.0,149640.0,86929051.0,1.0,9054.0
9050096684.0,0.0,"[Ms 038]√Åo Ba L·ªó Nam Basic From R·ªông S√°t N√°ch V·∫£i 100% D·ªát Kim, Th√¥ng H∆°i Nam size t·ª´ 47kg-95kg",115000.0,115000.0,400896008.0,1.0,645.0
8204783704.0,0.0,√Åo nam d√†i tay d·ªát 3D Galvin ƒë√°p da l·ªôn ch·∫•t d·ªát ch√¨m co gi√£n ANGV3 - Leo Vatino,199000.0,199000.0,277678439.0,1.0,4.0
13123432257.0,0.0,T·∫•t ch·ªëng h√¥i ch√¢n phong c√°ch H√†n Qu·ªëc cho nam,6000.0,6000.0,219616884.0,1.0,14982.0
9535479311.0,0.0,"B·ªô Scrubs B√°c Sƒ©, qu·∫ßn √°o ph√≤ng m·ªï, ƒë·ªìng ph·ª•c ph·∫´u thu·∫≠t, ƒë·ªìng ph·ª•c spa h√†ng ph·ªï th√¥ng",224000.0,212800.0,302443840.0,1.0,430239.0
13937883980.0,0.0,"Qu·∫ßn l√≥t nam, s·ªãp ƒë√πi/tam gi√°c Kenhoni nam ch·∫•t v·∫£i cotton kh√°ng khu·∫©n",18000.0,18000.0,531182139.0,1.0,913.0
2043706203.0,0.0,√Åo thun nam IN COOLMATE Cotton Compact phi√™n b·∫£n Premium,239000.0,239000.0,24710134.0,1.0,59.0
12053587175.0,0.0,"√Åo kho√°c , √°o bomber gi√≥ 2 l·ªõp form r·ªông in ch·ªØ TORYTENDY c·ª±c ch·∫•t cho c·∫£ nam n·ªØ",150000.0,30000.0,69779005.0,1.0,89655.0
14401336457.0,0.0,√Åo Kho√°c ZARA √Åo Phao Tag Tay Kh√¥ng M≈© Ch·∫ßn B√¥ng D√†y D·∫∑n Form √Çu H√†ng Ch√≠nh H√£ng-DSAP005DE,255000.0,255000.0,430577475.0,1.0,22991.0
10674203734.0,0.0,"√Åo kho√°c len Cadigan h·ªça ti·∫øt houndstooth, √°o len kho√°c ngo√†i C·∫£digan - AC-G04",80000.0,80000.0,4883052.0,1.0,619.0
13813982071.0,0.0, Qu·∫ßn th·ªÉ thao nam SuzaSport Qu·∫ßn t·∫≠p th·ªÉ d·ª•c 3 s·ªçc,98000.0,98000.0,41726939.0,1.0,9031.0
13048406546.0,0.0,[Qu√† t·∫∑ng kh·∫©u trang cho kh√°ch h√†ng ch·ªëng d·ªãch]√Åo len nam c·ªï tr√≤n len h·∫°t g·∫°o ƒë√°p tay cao c·∫•p,149000.0,149000.0,444111654.0,1.0,3999.0
11464430336.0,0.0,√Åo Kho√°c Jean Unisex Gpoiled üåüM·∫´u M√£ Hot Cho M√πa ƒê√¥ng,220000.0,220000.0,272162596.0,1.0,408.0
14302244558.0,0.0,"FREESHIP Bomber,√°o kho√°c B√≥ng Ch√†y 2 M√†u Form R·ªông Unisex",165900.0,33180.0,117877381.0,1.0,86065.0
11255745697.0,0.0,"Th·∫Øt l∆∞ng nam da b√≤ th·∫≠t 100% kh√≥a c√†i cao c·∫•p, d√¢y l∆∞ng nam da th·∫≠t - AN16",155000.0,155000.0,552385143.0,1.0,33.0
4558831214.0,0.0,T·∫•t c·ªï thuy·ªÅn mi·ªáng n√¥ng s√†nh ƒëi·ªáu cho nam,32451.0,32451.0,316294728.0,1.0,338.0
8324610650.0,0.0,V·ªõ L∆∞·ªõi C·ªï Thuy·ªÅn M√†u Tr∆°n Th·ªùi Trang Ch·∫•t L∆∞·ª£ng Cao Cho Nam N·ªØ,24000.0,24000.0,299120017.0,1.0,2358.0
5911212652.0,0.0,QU·∫¶N NG·ª¶ NAM - H·ªça Ti·∫øt Sang Tr·ªçng - Ch·∫•t Kate Tho·∫£i M√°i Tho√°ng M√°t,69000.0,49000.0,47653639.0,1.0,3324.0
3358331577.0,0.0,V∆°ÃÅ T√¢ÃÅt Nam Ch√¥ÃÅng H√¥i Ch√¢n HaÃÄng NhaÃÄ MaÃÅy XiÃ£n XoÃÄ VTNC,13500.0,13500.0,404534.0,1.0,345.0
12321527006.0,0.0,V·ªõ thun BLOOK cao c·∫•p ch·∫•t len cotton m·ªÅm m·ªãn 33398 ( H√åNH TH·∫¨T ),30000.0,30000.0,63829101.0,1.0,3326.0
11266400859.0,0.0,"B·ªô Qu·∫ßn √Å√≥ Th·ªÉ Thao Thu ƒê√¥ng Nam Cao C·∫•p Q5,Ch·∫•t n·ªâ tr∆°n d√†y d·∫∑n,Tr·∫ª trung NƒÉng ƒë·ªông",149000.0,149000.0,33435563.0,1.0,1772.0
5365366110.0,0.0,Combo 2 ƒê√¥i T·∫•t Nam C·ªï Ng·∫Øn Ch·∫•t Cotton M·ªÅm M·ªãn √îm Ch√¢n [T4],9900.0,9900.0,133262745.0,1.0,5236.0
5984434471.0,0.0,"T·∫•t d·ªát kim sneaker lo·∫°i m·ªèng, c·ªï l·ª≠ng nam n·ªØ th·ªùi trang cao c·∫•p",10000.0,10000.0,54554842.0,1.0,29789.0
1131087655.0,0.0,Qu·∫ßn l√≥t nam Trunk Cotton Compact  co gi√£n th∆∞∆°ng hi·ªáu Coolmate,99000.0,99000.0,24710134.0,1.0,2753.0
4442130603.0,0.0,Attack On Titan Cosplay Shingeki No Kyojin Cloak Eren Levi Mikasa Scout Legion Japanese Anime Adult Green Black Costume,114429.0,114429.0,130082433.0,1.0,49311.0
10512649369.0,0.0,√Åo kho√°c n·ªâ Hoodie - √Åo Hoodie nam n·ªØ form r·ªông unisex CAO C·∫§P phong c√°ch H√†n Qu·ªëc Lk8852,225000.0,225000.0,77856531.0,1.0,3000.0
3021559365.0,0.0,Th·∫Øt L∆∞ng Nam Ch√≠nh Hi·ªáu ƒê·∫≥ng C·∫•p T·∫∑ng H·ªôp Cao C·∫•p | D√¢y NiÃ£t Ch·ªØ G PVY-28 | TLG chainguyenrq,275000.0,275000.0,403051085.0,1.0,5465.0
9453214548.0,0.0," [R·∫ª V√¥ ƒê·ªãch] √Åo cotton tay l·ª° Unisex m·∫∑c ƒë√¥i ,nh√≥m , l·ªõp------ √Åo MiCKEY FULl",36500.0,36500.0,417241850.0,1.0,6753.0
2079970511.0,0.0,B·ªò ƒê·ªí NG·ª¶ PIJAMA NAM N·ªÆ CAO C·∫§P SANG TR·ªåNG QSHOP QM07,290000.0,290000.0,61218341.0,1.0,260.0
8329709315.0,0.0,B·ªô th·ªÉ thao nam n·ªØ Unisex - √Åo thun tay l·ª° v√† qu·∫ßn kaki h√¨nh in g·∫•u d·ªÖ th∆∞∆°ng,134000.0,134000.0,161050540.0,1.0,1.0
14500093692.0,0.0,"√Åo Kho√°c, √Åo Jacket GC K·∫ª S·ªçc Vai from R·ªông Cho Nam N·ªØ Phong C√°ch H√†n Qu·ªëc",144500.0,30000.0,168032150.0,1.0,149746.0
12041776433.0,0.0,√Åo gi·ªØ nhi·ªát l√≥t n·ªâ nam c·ªï 3p b·∫£ng 10 m√†u ƒë·∫πp nh·∫•t ng√†nh - to√†n m√†u hot nam t√≠nh Zinstore,59000.0,58500.0,415256699.0,1.0,1478.0
15202170872.0,0.0,"FREESHIP √Åo sweater, √Åo N·ªâ B√¥ng cotton H√¨nh Tr√≤n Gi·ªØa √Åo forrm R·ªông unisex Phong C√°ch ulzzang",175000.0,35000.0,117877381.0,1.0,77582.0
9796638326.0,0.0,√Åo Bomber 2 l·ªõp Teddy B√≥ng Ch√†y S∆°n T√πng - √Åo Kho√°c 2 l·ªõp d√†y d·∫∑n Ch·∫•t Li·ªáu N·ªâ d√†y M·ªÅm Gi·ªØ ·∫§M,165000.0,165000.0,34525738.0,1.0,29885.0
